uid,nces_school_id,uid_SchoolEthnicity,uid_ShooterIncidentLocation,date,school_year,time,day_of_week,enrollment,killed,injured,casualties,uid_shooting_type,resource_officer,staffing,low_grade,high_grade,lunch
1,80480000707,1,253,4/20/1999,1998-1999,11:19:00,Tuesday,1965,13,21,34,4,1,89.6,9,12,41.0
2,220054000422,2,48,4/22/1999,1998-1999,12:30:00,Thursday,588,0,1,1,8,0,39.0,6,8,495.0
3,130441001591,3,92,5/20/1999,1998-1999,08:03:00,Thursday,1369,0,6,6,4,1,84.0,9,12,125.0
4,421899003847,4,264,1999-04-10 00:00:00,1999-2000,10:00:00,Monday,3147,0,1,1,8,1,41.0,9,12,2007.0
5,250279000225,5,327,1999-03-11 00:00:00,1999-2000,07:40:00,Wednesday,1116,0,1,1,8,0,,9,12,543.0
6,350069000240,6,59,11/19/1999,1999-2000,12:45:00,Friday,753,1,0,1,2,0,44.0,6,7,502.0
7,401197000559,7,163,1999-06-12 00:00:00,1999-2000,07:45:00,Monday,407,0,5,5,4,0,25.4,6,8,146.0
8,120153001590,8,15,1/19/2000,1999-2000,15:00:00,Wednesday,1852,1,0,1,1,1,85.0,9,12,654.0
9,62460009581,9,194,1/26/2000,1999-2000,08:34:00,Wednesday,734,0,0,0,8,0,36.0,KG,5,643.0
10,170993000748,10,323,2/14/2000,1999-2000,,Monday,736,0,1,1,1,0,37.0,PK,6,
11,280132000190,11,135,2/22/2000,1999-2000,,Tuesday,1197,0,0,0,8,0,65.0,9,12,324.0
12,402961001555,12,150,2/24/2000,1999-2000,09:00:00,Thursday,711,0,0,0,8,0,45.5,9,12,184.0
13,260450004135,13,345,2/29/2000,1999-2000,10:00:00,Tuesday,459,1,0,1,8,0,20.0,KG,4,421.0
14,401521000713,14,108,2000-06-04 00:00:00,1999-2000,12:00:00,Thursday,499,0,1,1,8,1,34.7,9,12,236.0
15,40146000077,15,55,2000-10-05 00:00:00,1999-2000,13:30:00,Wednesday,397,1,0,1,8,0,24.5,KG,5,
16,120150002873,16,10,5/26/2000,1999-2000,15:00:00,Friday,1525,1,0,1,8,0,95.0,6,8,1186.0
17,530723002564,17,376,7/17/2000,1999-2000,10:30:00,Monday,956,0,0,0,4,0,42.3,6,8,
18,390444101350,18,236,9/18/2000,2000-2001,,Monday,341,0,0,0,4,1,22.8,7,8,163.0
19,220117000980,19,35,9/26/2000,2000-2001,12:00:00,Tuesday,686,0,1,1,8,0,45.0,6,8,551.0
20,62927004519,20,116,2001-10-01 00:00:00,2000-2001,12:50:00,Wednesday,2764,0,0,0,8,1,110.2,9,12,1169.0
21,240009000263,21,239,1/17/2001,2000-2001,08:45:00,Wednesday,2236,1,0,1,8,0,126.5,PK,12,914.0
22,481623021205,22,74,2001-06-02 00:00:00,2000-2001,,Tuesday,879,0,1,1,8,1,89.3,7,8,607.0
23,61623002026,23,79,2001-05-03 00:00:00,2000-2001,09:20:00,Monday,1894,2,13,15,4,1,79.9,9,12,202.0
24,1195358,24,302,2001-07-03 00:00:00,2000-2001,12:00:00,Wednesday,227,0,1,1,8,0,21.125,7,12,
25,61623002020,25,77,3/22/2001,2000-2001,13:00:00,Thursday,2846,0,5,5,9,1,112.2,9,12,436.0
26,180387000637,26,307,3/30/2001,2000-2001,08:15:00,Friday,1179,1,0,1,8,1,64.0,9,12,446.0
27,220108001296,27,68,4/20/2001,2000-2001,07:20:00,Friday,65,0,0,0,8,0,,,,
28,481854001737,28,61,5/15/2001,2000-2001,12:00:00,Tuesday,1279,0,0,0,3,0,93.7,9,12,447.0
29,62271007751,29,113,7/30/2001,2000-2001,07:20:00,Monday,5264,0,1,1,8,1,194.3,9,12,4046.0
30,210135000271,30,229,2001-12-09 00:00:00,2001-2002,15:00:00,Wednesday,526,1,0,1,8,0,16.8,KG,5,350.0
31,60003206330,31,102,10/26/2001,2001-2002,10:00:00,Friday,2069,0,1,1,1,0,94.4,9,12,465.0
32,260804000994,32,352,2001-12-11 00:00:00,2001-2002,14:40:00,Monday,151,0,0,0,8,0,,9,12,6.0
33,362058002029,33,292,1/15/2002,2001-2002,14:00:00,Tuesday,2258,0,2,2,8,0,97.7,9,12,1831.0
34,62271003034,34,103,2002-06-02 00:00:00,2001-2002,14:50:00,Wednesday,3198,0,2,2,8,0,133.2,9,12,1941.0
35,240051000982,35,227,2002-07-10 00:00:00,2002-2003,08:09:00,Monday,1371,0,1,1,4,0,73.7,7,8,197.0
36,340783002776,36,290,10/29/2002,2002-2003,08:30:00,Tuesday,986,0,1,1,8,1,102.0,9,12,495.0
37,753892,37,235,2002-07-11 00:00:00,2002-2003,12:30:00,Thursday,297,1,1,2,8,0,,KG,8,
38,440090000232,38,320,1/22/2003,2002-2003,,Wednesday,1641,0,0,0,8,0,,9,12,1097.0
39,80723001239,39,260,2003-05-02 00:00:00,2002-2003,08:40:00,Wednesday,1434,0,0,0,8,1,68.0,9,12,524.0
40,110003000082,40,224,2003-01-04 00:00:00,2002-2003,12:15:00,Tuesday,749,0,1,1,8,1,,9,12,427.0
41,220117000928,41,39,4/14/2003,2002-2003,10:30:00,Monday,1260,1,3,4,8,1,63.0,8,12,843.0
42,60003907541,42,195,4/15/2003,2002-2003,08:15:00,Tuesday,394,0,1,1,8,0,18.0,6,8,270.0
43,422010004597,43,261,4/24/2003,2002-2003,07:30:00,Thursday,965,1,0,1,8,1,46.0,7,8,156.0
44,280447000830,44,63,2003-10-09 00:00:00,2003-2004,14:30:00,Wednesday,1121,1,0,1,8,0,63.8,9,12,540.0
45,530825001388,45,379,9/22/2003,2003-2004,11:10:00,Monday,1992,0,0,0,4,0,92.0,9,12,545.0
46,270944000388,46,366,9/24/2003,2003-2004,11:38:00,Wednesday,831,2,0,2,8,0,48.0,8,12,100.0
47,370090000337,47,156,9/25/2003,2003-2004,08:00:00,Thursday,1049,0,0,0,4,1,63.0,6,8,510.0
48,61233007702,48,213,2003-01-10 00:00:00,2003-2004,09:00:00,Wednesday,317,0,2,2,8,0,10.8,9,12,99.0
49,110003000084,49,220,2004-02-02 00:00:00,2003-2004,10:30:00,Monday,1090,1,1,2,8,1,68.0,9,12,897.0
50,360963000731,50,337,2004-09-02 00:00:00,2003-2004,10:30:00,Monday,1455,0,1,1,4,0,,9,12,
51,421899003675,51,269,2004-11-02 00:00:00,2003-2004,08:30:00,Wednesday,453,1,1,2,8,1,26.0,KG,5,450.0
52,62805012992,52,202,2004-09-06 00:00:00,2003-2004,12:22:00,Wednesday,1467,0,2,2,8,0,56.5,9,12,340.0
53,173291003406,53,322,8/30/2004,2004-2005,14:30:00,Monday,2068,1,0,1,8,1,110.0,9,12,637.0
54,180387000649,54,310,9/15/2004,2004-2005,,Wednesday,792,0,0,0,4,0,49.7,9,12,394.0
55,240009001561,55,240,10/21/2004,2004-2005,16:00:00,Thursday,502,0,2,2,8,1,22.0,9,11,296.0
56,220117000973,56,37,2004-12-11 00:00:00,2004-2005,12:00:00,Friday,383,0,1,1,8,1,36.8,8,12,308.0
57,A9902648,57,60,2004-07-12 00:00:00,2004-2005,15:00:00,Tuesday,128,0,1,1,1,0,11.0,PK,8,
58,173123003295,58,289,1/26/2005,2004-2005,,Wednesday,1012,0,0,0,8,0,65.0,9,12,606.0
59,170993005072,59,316,2005-08-02 00:00:00,2004-2005,14:32:00,Tuesday,215,0,1,1,8,0,45.7,11,12,212.0
60,470318001337,60,178,2005-09-03 00:00:00,2004-2005,14:00:00,Wednesday,1119,0,1,1,8,0,63.0,9,12,
61,273051001303,61,381,3/21/2005,2004-2005,14:49:00,Monday,331,7,7,14,4,1,31.1,9,12,295.0
62,481275000769,62,69,2005-07-04 00:00:00,2004-2005,09:20:00,Thursday,533,0,1,1,8,0,39.4,9,12,79.0
63,422583001736,63,278,5/17/2005,2004-2005,15:00:00,Tuesday,445,1,0,1,8,0,24.2,KG,5,35.0
64,470210000681,64,169,8/25/2005,2005-2006,09:30:00,Thursday,609,0,1,1,1,0,34.7,6,8,314.0
65,120048004192,65,40,2005-02-09 00:00:00,2005-2006,12:50:00,Friday,123,0,1,1,8,0,7.0,9,12,62.0
66,170993000851,66,314,9/13/2005,2005-2006,14:20:00,Tuesday,1381,0,1,1,8,1,101.6,7,12,959.0
67,291191000440,67,204,2005-11-10 00:00:00,2005-2006,08:00:00,Tuesday,1160,0,0,0,4,0,68.6,9,12,344.0
68,263039006677,68,350,10/20/2005,2005-2006,12:00:00,Thursday,1178,0,1,1,8,1,58.0,9,12,823.0
69,470042000117,69,180,2005-08-11 00:00:00,2005-2006,14:00:00,Tuesday,1440,1,2,3,9,0,79.4,9,12,851.0
70,261200004670,70,333,2005-06-12 00:00:00,2005-2006,13:30:00,Tuesday,1205,0,1,1,4,0,55.2,8,12,897.0
71,550960001256,71,342,2006-11-01 00:00:00,2005-2006,12:30:00,Wednesday,366,0,1,1,4,0,24.0,PK,7,321.0
72,120171001868,72,19,1/13/2006,2005-2006,09:30:00,Friday,1121,1,0,1,8,1,76.0,6,8,569.0
73,510081000299,73,185,1/18/2006,2005-2006,11:00:00,Wednesday,1836,0,0,0,8,0,126.0,9,12,427.0
74,64059009648,74,211,1/23/2006,2005-2006,09:45:00,Monday,2138,0,1,1,1,0,85.8,9,12,398.0
75,482034002033,75,78,1/27/2006,2005-2006,,Friday,2175,0,2,2,1,0,157.1,9,12,994.0
76,421917000420,76,279,2/21/2006,2005-2006,07:45:00,Tuesday,562,0,1,1,8,1,41.2,9,12,374.0
77,411071000300,77,348,2/23/2006,2005-2006,07:45:00,Thursday,2052,0,1,1,8,1,92.0,8,12,689.0
78,320048000211,78,247,3/14/2006,2005-2006,09:00:00,Tuesday,868,0,2,2,4,0,40.0,7,8,286.0
79,62271003429,79,106,2006-05-06 00:00:00,2005-2006,15:10:00,Monday,3210,1,0,1,8,0,129.2,9,12,2063.0
80,370348001447,80,172,8/30/2006,2006-2007,13:00:00,Wednesday,1150,0,2,2,4,0,66.7,9,12,276.0
81,481970008026,81,71,2006-08-09 00:00:00,2006-2007,13:20:00,Friday,1417,0,1,1,8,1,86.7,9,12,921.0
82,80237000087,82,245,9/27/2006,2006-2007,11:40:00,Wednesday,476,1,0,1,8,0,26.2,9,12,82.0
83,551647002155,83,353,9/29/2006,2006-2007,08:10:00,Friday,119,1,0,1,8,0,10.5,9,12,35.0
84,0,84,267,2006-02-10 00:00:00,2006-2007,11:07:00,Monday,26,5,5,10,8,0,,,,
85,291635002429,85,192,2006-09-10 00:00:00,2006-2007,07:45:00,Monday,699,0,0,0,4,0,50.3,6,8,312.0
86,530870001466,86,375,2007-03-01 00:00:00,2006-2007,07:30:00,Wednesday,1749,1,0,1,8,0,85.4,9,12,884.0
87,390437500382,87,232,2007-08-01 00:00:00,2006-2007,10:45:00,Monday,745,0,0,0,8,0,46.0,9,12,397.0
88,421899003825,88,266,1/18/2007,2006-2007,08:25:00,Thursday,655,0,1,1,8,1,40.4,7,12,572.0
89,262382006068,89,355,2007-07-03 00:00:00,2006-2007,10:57:00,Wednesday,1593,0,1,1,8,0,78.6,8,12,201.0
90,170993000943,90,318,2007-09-04 00:00:00,2006-2007,14:30:00,Monday,2020,0,1,1,1,0,105.0,9,12,1930.0
91,410600004183,91,367,2007-10-04 00:00:00,2006-2007,14:15:00,Tuesday,163,0,10,10,4,0,11.8,9,12,51.0
92,482829010477,92,6,5/15/2007,2006-2007,10:00:00,Tuesday,505,0,0,0,4,0,35.0,6,8,187.0
93,120087003862,93,14,2007-06-06 00:00:00,2006-2007,12:00:00,Wednesday,1799,0,0,0,8,1,91.0,9,12,1091.0
94,390437804449,94,306,2007-10-10 00:00:00,2007-2008,13:15:00,Wednesday,260,0,4,4,4,1,14.0,9,12,
95,130102000413,95,57,10/15/2007,2007-2008,14:45:00,Monday,1534,0,0,0,8,0,90.0,9,12,799.0
96,370012202591,96,151,1/16/2008,2007-2008,10:15:00,Wednesday,244,0,1,1,1,0,13.0,9,12,
97,470294001080,97,142,2008-04-02 00:00:00,2007-2008,10:00:00,Monday,1581,0,1,1,8,0,87.9,9,12,863.0
98,1059778,98,218,2008-07-02 00:00:00,2007-2008,09:12:00,Thursday,166,0,1,1,8,0,14.0,PK,6,
99,470294001122,99,138,2008-11-02 00:00:00,2007-2008,09:00:00,Monday,1110,0,1,1,8,1,53.8,9,12,787.0
100,61785002199,100,117,2008-12-02 00:00:00,2007-2008,08:15:00,Tuesday,1065,1,0,1,8,0,50.0,6,8,775.0
101,1,101,384,3/18/2008,2007-2008,13:00:00,Tuesday,100,1,1,2,8,0,,PK,PK,
102,61455001762,102,184,4/16/2008,2007-2008,11:54:00,Wednesday,2735,1,0,1,8,1,137.6,9,12,2466.0
103,470222000775,103,170,8/21/2008,2008-2009,08:10:00,Thursday,1210,1,0,1,8,1,79.5,9,12,569.0
104,120018000169,104,8,2008-12-11 00:00:00,2008-2009,11:00:00,Wednesday,1758,1,0,1,8,1,149.4,9,12,1193.0
105,261200004670,105,332,2/17/2009,2008-2009,14:00:00,Tuesday,919,0,2,2,8,1,57.2,9,12,640.0
106,61674002125,106,197,2/20/2009,2008-2009,12:00:00,Friday,354,0,0,0,8,0,20.4,KG,6,
107,120048000691,107,46,2009-10-03 00:00:00,2008-2009,07:22:00,Tuesday,1131,0,0,0,8,0,67.4,9,12,609.0
108,220090000711,108,26,5/18/2009,2008-2009,09:00:00,Monday,512,0,0,0,8,0,37.8,6,8,265.0
109,90003101405,109,299,2009-08-09 00:00:00,2009-2010,08:05:00,Tuesday,131,0,0,0,8,0,8.0,9,12,111.0
110,510189000805,110,198,9/16/2009,2009-2010,12:30:00,Wednesday,292,0,0,0,8,0,30.18,8,12,237.0
111,360002101704,111,297,2009-08-10 00:00:00,2009-2010,14:00:00,Thursday,812,0,1,1,1,0,68.28,7,12,86.0
112,450249000244,112,100,10/16/2009,2009-2010,08:25:00,Friday,1958,1,0,1,8,1,102.5,9,12,901.0
113,220030000208,113,67,2009-11-12 00:00:00,2009-2010,08:10:00,Friday,336,0,1,1,8,1,34.55,9,12,278.0
114,10000800495,114,132,2010-05-02 00:00:00,2009-2010,13:45:00,Friday,1000,1,0,1,8,1,54.5,7,9,176.0
115,80480001315,115,252,2/23/2010,2009-2010,15:14:00,Tuesday,516,0,2,2,4,0,28.2,7,8,60.0
116,510300001255,116,186,4/28/2010,2009-2010,12:15:00,Wednesday,1309,0,0,0,4,0,64.33,9,12,695.0
117,62271003364,117,105,5/18/2010,2009-2010,07:51:00,Tuesday,3289,0,1,1,8,0,126.1,9,12,2373.0
118,470399001624,118,181,8/30/2010,2010-2011,09:10:00,Monday,1115,1,0,1,8,1,67.7,9,12,386.0
119,450249000639,119,95,9/21/2010,2010-2011,14:00:00,Tuesday,1453,0,1,1,8,1,80.8,9,12,678.0
120,63398005332,120,183,2010-01-10 00:00:00,2010-2011,07:53:00,Friday,2478,1,0,1,8,0,,3,12,1869.0
121,60750000711,121,80,2010-08-10 00:00:00,2010-2011,12:00:00,Friday,477,0,2,2,4,0,,KG,5,45.0
122,550870000995,122,365,11/29/2010,2010-2011,13:30:00,Monday,690,0,0,0,3,0,44.69,9,12,283.0
123,317374001251,123,301,2011-05-01 00:00:00,2010-2011,12:45:00,Wednesday,2043,1,2,3,9,0,135.5,9,12,475.0
124,62271003034,124,104,1/18/2011,2010-2011,10:40:00,Tuesday,2299,0,2,2,1,0,,8,12,1556.0
125,63078004786,125,217,2011-02-02 00:00:00,2010-2011,10:37:00,Wednesday,424,1,0,1,8,0,,KG,5,264.0
126,180651001136,126,244,3/25/2011,2010-2011,07:00:00,Friday,584,0,1,1,8,0,38.97,6,8,354.0
127,120144003884,127,18,4/13/2011,2010-2011,12:00:00,Wednesday,465,0,1,1,1,1,7.0,9,12,183.0
128,482364002572,128,32,4/19/2011,2010-2011,10:20:00,Tuesday,462,0,2,2,1,0,27.32,PK,5,263.0
129,370001100402,129,137,10/24/2011,2011-2012,13:00:00,Monday,1575,0,1,1,8,0,93.86,9,12,690.0
130,481168000648,130,4,2012-04-01 00:00:00,2011-2012,08:00:00,Wednesday,746,1,0,1,8,0,49.47,6,8,0.0
131,483306003674,131,34,2012-10-01 00:00:00,2011-2012,12:30:00,Tuesday,1274,0,1,1,8,1,88.68,9,12,1271.0
132,330299000122,132,344,2012-10-02 00:00:00,2011-2012,11:00:00,Friday,149,0,0,0,6,0,15.3,5,8,42.0
133,530066000135,133,378,2/22/2012,2011-2012,13:30:00,Wednesday,411,0,1,1,1,0,25.16,KG,5,310.0
134,390471802789,134,308,2/27/2012,2011-2012,07:30:00,Monday,1058,3,3,6,4,0,58.0,9,12,193.0
135,259508,135,42,2012-06-03 00:00:00,2011-2012,13:15:00,Tuesday,869,1,0,1,8,0,92.8,6,12,
136,10237000962,136,51,3/15/2012,2011-2012,10:50:00,Thursday,921,0,0,0,8,0,56.0,8,12,774.0
137,370072002474,137,164,5/25/2012,2011-2012,14:00:00,Friday,614,1,0,1,8,0,42.73,KG,5,135.0
138,240012000446,138,243,8/27/2012,2012-2013,10:45:00,Monday,2209,0,1,1,4,1,129.6,9,12,550.0
139,172862003002,139,282,2012-07-09 00:00:00,2012-2013,08:00:00,Friday,1895,0,0,0,4,0,164.0,9,12,409.0
140,90291000617,140,305,12/14/2012,2012-2013,09:35:00,Friday,454,26,2,28,4,0,35.76,KG,4,23.0
141,A0300763,141,11,2013-07-01 00:00:00,2012-2013,11:00:00,Monday,22,1,0,1,8,0,3.0,PK,7,
142,63873006511,142,145,2013-10-01 00:00:00,2012-2013,09:00:00,Thursday,939,0,2,2,8,0,62.89,9,12,502.0
143,130012000060,143,96,1/31/2013,2012-2013,13:50:00,Thursday,403,0,1,1,8,1,36.0,6,8,384.0
144,1056711,144,234,4/29/2013,2012-2013,08:00:00,Monday,708,0,0,0,5,0,40.1,9,12,
145,120039000578,145,2,5/23/2013,2012-2013,,Thursday,493,0,1,1,1,0,30.0,6,8,448.0
146,130174003766,146,98,8/20/2013,2013-2014,12:51:00,Tuesday,822,0,0,0,9,0,47.8,PK,5,810.0
147,370150000592,147,175,8/30/2013,2013-2014,14:25:00,Friday,565,0,1,1,8,1,43.01,9,12,502.0
148,A0300751,148,17,2013-04-10 00:00:00,2013-2014,14:00:00,Friday,331,0,2,2,8,0,22.0,K,12,
149,480894000327,149,43,10/15/2013,2013-2014,12:04:00,Tuesday,1554,0,0,0,5,1,108.34,9,12,613.0
150,320048000247,150,249,10/21/2013,2013-2014,07:15:00,Monday,721,1,2,3,4,0,35.0,7,8,538.0
151,60846000845,151,109,10/23/2013,2013-2014,11:14:00,Wednesday,745,0,3,3,1,1,25.5,KG,6,543.0
152,120144001454,152,16,2013-04-12 00:00:00,2013-2014,13:15:00,Wednesday,3749,0,1,1,8,1,158.0,9,12,1255.0
153,80531000873,153,251,12/13/2013,2013-2014,12:30:00,Friday,2273,1,0,1,8,1,98.96,9,12,200.0
154,470258002032,154,162,2014-09-01 00:00:00,2013-2014,14:21:00,Thursday,802,0,1,1,8,0,60.3,9,12,561.0
155,350225000506,155,83,1/14/2014,2013-2014,07:30:00,Tuesday,632,0,3,3,8,1,36.5,6,8,365.0
156,421314005056,156,274,1/15/2014,2013-2014,14:48:00,Wednesday,540,0,0,0,10,1,40.2,PK,5,498.0
157,420007800563,157,273,1/17/2014,2013-2014,15:20:00,Friday,680,0,2,2,2,1,42.0,9,12,512.0
158,2,158,201,1/27/2014,2013-2014,12:00:00,Monday,100,0,1,1,8,0,,9,12,
159,150003000186,159,1,1/28/2014,2013-2014,08:30:00,Tuesday,1416,0,1,1,8,0,77.0,9,12,588.0
160,410198000270,160,358,2014-07-02 00:00:00,2013-2014,12:00:00,Friday,1642,0,0,0,5,0,62.77,9,12,1368.0
161,370405002253,161,161,2014-10-02 00:00:00,2013-2014,14:41:00,Monday,858,0,1,1,8,1,54.53,9,12,577.0
162,291640003220,162,231,2/20/2014,2013-2014,10:30:00,Thursday,175,1,0,1,8,0,28.4,KG,12,
163,130228000967,163,90,3/25/2014,2013-2014,13:00:00,Tuesday,1537,0,0,0,8,1,100.7,9,12,1376.0
164,370001201495,164,157,2014-09-04 00:00:00,2013-2014,13:30:00,Wednesday,1591,0,0,0,4,0,87.89,9,12,528.0
165,411052001009,165,369,2014-10-06 00:00:00,2013-2014,08:07:00,Tuesday,2806,1,1,2,4,1,106.78,9,12,1744.0
166,120039005495,166,3,2014-09-09 00:00:00,2014-2015,,Tuesday,233,0,1,1,8,0,13.0,9,12,62.0
167,210299000628,167,208,9/30/2014,2014-2015,13:00:00,Tuesday,1545,0,1,1,8,1,82.9,9,12,930.0
168,370432000022,168,155,9/30/2014,2014-2015,07:40:00,Tuesday,464,0,1,1,8,1,34.66,9,12,327.0
169,530486003317,169,382,10/24/2014,2014-2015,10:39:00,Friday,1253,4,1,5,8,1,55.3,9,12,532.0
170,A1301728,170,363,1/26/2015,2014-2015,15:07:00,Monday,288,0,0,0,4,0,21.4,PK,8,
171,530585000869,171,374,4/27/2015,2014-2015,07:25:00,Monday,1477,0,0,0,4,1,70.4,9,12,546.0
172,130438004230,172,82,8/25/2015,2015-2016,10:45:00,Tuesday,742,0,1,1,1,1,,PK,5,
173,463135000264,173,351,9/30/2015,2015-2016,10:00:00,Wednesday,802,0,1,1,8,0,64.2,9,12,117.0
174,482499010445,174,25,10/15/2015,2015-2016,09:15:00,Thursday,2260,0,0,0,8,1,145.7,9,12,1620.0
175,130138002640,175,53,2015-05-11 00:00:00,2015-2016,,Thursday,40,0,0,0,8,1,,,,
176,120027002425,176,21,2015-10-11 00:00:00,2015-2016,10:30:00,Tuesday,1567,0,0,0,5,1,84.0,9,12,839.0
177,50729000443,177,93,1/13/2016,2015-2016,15:00:00,Wednesday,393,0,1,1,1,0,47.17,7,12,195.0
178,421899003851,178,268,1/29/2016,2015-2016,12:00:00,Friday,612,0,0,0,8,0,44.42,9,12,612.0
179,40345000284,179,86,2016-12-02 00:00:00,2015-2016,07:53:00,Friday,2114,1,0,1,8,0,89.6,9,12,1584.0
180,390461202443,180,248,2/29/2016,2015-2016,11:15:00,Monday,1543,0,4,4,4,1,33.5,9,12,248.0
181,10039000141,181,91,3/15/2016,2015-2016,14:30:00,Tuesday,1433,0,1,1,8,1,66.0,9,12,775.0
182,480795000124,182,45,2016-08-09 00:00:00,2016-2017,09:00:00,Thursday,292,0,1,1,8,0,31.32,9,12,111.0
183,450087000092,183,127,9/28/2016,2016-2017,13:45:00,Wednesday,295,1,2,3,4,0,19.0,PK,6,186.0
184,10237000964,184,52,2016-11-10 00:00:00,2016-2017,15:45:00,Tuesday,710,0,1,1,8,1,41.0,9,12,511.0
185,390438000672,185,271,10/13/2016,2016-2017,14:40:00,Thursday,719,0,2,2,8,1,50.0,7,12,619.0
186,63441011252,186,199,10/18/2016,2016-2017,15:20:00,Tuesday,258,0,4,4,8,0,23.72,9,12,198.0
187,490014200328,187,284,10/25/2016,2016-2017,15:00:00,Tuesday,907,0,1,1,8,1,,6,8,389.0
188,260426004113,188,354,2016-11-11 00:00:00,2016-2017,12:30:00,Friday,1256,0,1,1,1,1,57.55,9,12,292.0
189,490021000750,189,295,2016-01-12 00:00:00,2016-2017,08:13:00,Thursday,813,0,0,0,4,1,,7,9,145.0
190,390462102472,190,277,1/20/2017,2016-2017,07:36:00,Friday,622,0,2,2,4,0,38.4,6,12,0.0
191,220054000423,191,49,2017-06-02 00:00:00,2016-2017,12:00:00,Monday,1388,0,0,0,8,1,,8,12,770.0
192,63417005375,192,119,2017-10-04 00:00:00,2016-2017,10:30:00,Monday,531,2,1,3,8,0,19.0,KG,6,407.0
193,220033000252,193,41,5/15/2017,2016-2017,07:50:00,Monday,963,0,1,1,1,0,69.56,PK,5,439.0
194,10171002162,194,73,5/24/2017,2016-2017,11:30:00,Wednesday,464,0,0,0,8,0,26.5,9,12,373.0
195,170993001166,195,315,6/16/2017,2016-2017,13:51:00,Friday,280,0,2,2,8,1,14.1,PK,8,263.0
196,390438004430,196,262,2017-08-09 00:00:00,2017-2018,08:33:00,Friday,127,0,0,0,4,0,34.0,6,12,127.0
197,530297000485,197,377,9/13/2017,2017-2018,10:00:00,Wednesday,330,1,3,4,4,1,16.61,9,12,69.0
198,172505002734,198,246,9/20/2017,2017-2018,11:30:00,Wednesday,1047,0,1,1,8,1,58.05,9,12,518.0
199,262115008414,199,338,2017-03-11 00:00:00,2017-2018,16:30:00,Friday,506,0,1,1,1,0,27.84,4,6,393.0
200,130228000967,200,89,2017-09-11 00:00:00,2017-2018,15:25:00,Thursday,1547,0,2,2,1,1,106.9,9,12,1544.0
201,60978004178,201,272,11/14/2017,2017-2018,07:50:00,Tuesday,101,0,2,2,9,0,5.1,KG,5,84.0
202,350015000135,202,188,2017-07-12 00:00:00,2017-2018,08:04:00,Thursday,905,2,0,2,4,0,52.5,9,12,432.0
203,370192000956,203,166,2017-11-12 00:00:00,2017-2018,14:08:00,Monday,1442,0,0,0,8,1,94.67,9,12,904.0
204,482445002740,204,58,1/22/2018,2017-2018,07:53:00,Monday,288,0,1,1,8,0,29.21,6,12,173.0
205,220018802340,205,36,1/22/2018,2017-2018,13:30:00,Monday,172,0,0,0,8,0,19.94,9,12,
206,210381000976,206,190,1/23/2018,2017-2018,07:57:00,Tuesday,1384,2,14,16,4,1,73.1,9,12,584.0
207,10237000942,207,50,1/25/2018,2017-2018,11:20:00,Thursday,2100,0,0,0,8,1,120.0,9,12,905.0
208,62271012483,208,114,2018-01-02 00:00:00,2017-2018,09:00:00,Thursday,345,0,5,5,1,0,15.83,6,8,309.0
209,120018002721,209,9,2/14/2018,2017-2018,14:21:00,Wednesday,3158,17,17,34,4,1,129.0,9,12,710.0
210,130162000786,210,133,2/28/2018,2017-2018,11:30:00,Wednesday,1829,0,0,0,4,1,101.7,9,12,1152.0
211,10039000141,211,91,2018-07-03 00:00:00,2017-2018,15:45:00,Wednesday,1433,1,0,1,1,1,66.0,9,12,775.0
212,62553003843,212,182,3/13/2018,2017-2018,13:20:00,Tuesday,1059,0,3,3,1,0,52.75,9,12,736.0
213,301854000824,213,373,3/16/2018,2017-2018,12:45:00,Friday,1075,0,0,0,8,1,68.29,9,12,405.0
214,510300001245,214,187,3/19/2018,2017-2018,16:23:00,Monday,761,0,1,1,10,0,44.0,KG,6,758.0
215,240060001224,215,209,3/20/2018,2017-2018,07:55:00,Tuesday,1535,1,1,2,8,1,86.3,9,12,554.0
216,120126001271,216,22,4/20/2018,2017-2018,08:39:00,Friday,2181,0,1,1,4,1,101.0,9,12,1048.0
217,370297001214,217,146,11/13/2003,2003-2004,11:45:00,Thursday,2275,0,1,1,1,1,113.0,9,12,709.0
218,60282009515,218,128,2018-11-05 00:00:00,2017-2018,07:05:00,Friday,2931,0,1,1,8,0,126.42,9,12,1717.0
219,171233001481,219,321,5/16/2018,2017-2018,08:00:00,Wednesday,803,0,0,0,8,1,40.6,9,12,347.0
220,483927004473,220,24,5/18/2018,2017-2018,07:30:00,Friday,1462,10,13,23,4,1,83.38,9,12,287.0
221,180765000639,221,275,5/25/2018,2017-2018,09:06:00,Friday,1354,0,2,2,8,1,64.0,6,8,268.0
222,370297003466,222,149,8/30/2018,2018-2019,07:30:00,Thursday,100,0,0,0,8,0,9.63,KG,5,119.0
223,320006000567,223,179,2018-11-09 00:00:00,2018-2019,14:35:00,Tuesday,2887,1,0,1,8,1,115.0,9,12,2321.0
224,20018000072,224,383,2018-03-10 00:00:00,2018-2019,10:00:00,Wednesday,429,0,1,1,8,0,26.7,PK,6,178.0
225,645876,225,330,2018-12-10 00:00:00,2018-2019,13:00:00,Friday,111,0,0,0,10,0,9.9,KG,12,
226,90045001161,226,300,10/22/2018,2018-2019,08:15:00,Monday,416,0,0,0,8,0,24.0,PK,8,377.0
227,370297002324,227,144,10/29/2018,2018-2019,07:00:00,Monday,2133,1,0,1,8,1,114.21,9,12,876.0
228,510300001257,228,189,11/20/2018,2018-2019,15:45:00,Tuesday,702,0,1,1,1,0,41.0,KG,5,351.0
229,180951001555,229,259,12/13/2018,2018-2019,08:00:00,Thursday,647,0,0,0,4,1,59.5,5,8,527.0
230,410204000621,230,359,2019-11-01 00:00:00,2018-2019,10:30:00,Friday,336,0,0,0,8,1,16.6,6,8,248.0
231,240009000209,231,238,2019-08-02 00:00:00,2018-2019,12:00:00,Friday,877,0,1,1,8,0,62.0,9,12,
232,350001001024,232,153,2/14/2019,2018-2019,07:15:00,Thursday,2404,0,0,0,9,0,123.06,9,12,750.0
233,201164001534,233,228,2019-01-03 00:00:00,2018-2019,13:30:00,Friday,321,0,0,0,4,0,27.2,PK,6,48.0
234,10243001035,234,64,2/26/2019,2018-2019,11:00:00,Tuesday,1514,0,1,1,8,0,82.5,9,12,941.0
235,10042000205,235,115,3/22/2019,2018-2019,12:30:00,Friday,632,0,1,1,1,0,37.39,KG,6,425.0
236,51182000899,236,101,2019-01-04 00:00:00,2018-2019,09:14:00,Monday,457,0,1,1,8,0,42.07,7,12,310.0
237,120048000698,237,44,2019-03-04 00:00:00,2018-2019,11:00:00,Wednesday,380,0,0,0,10,0,29.0,PK,5,336.0
238,10243001035,234,64,3/16/2017,2016-2017,15:00:00,Thursday,1514,0,1,1,8,0,82.5,9,12,941.0
239,80345006493,238,250,2019-07-05 00:00:00,2018-2019,13:52:00,Tuesday,1850,1,8,9,4,1,82.62,KG,12,89.0
240,110003000122,239,223,9/25/2019,2019-2020,,Wednesday,243,0,0,0,8,0,21.0,PK,5,
241,450072001202,240,84,2019-10-09 00:00:00,2019-2020,,Tuesday,1405,0,0,0,10,0,78.8,9,12,441.0
242,62271003087,241,110,8/27/2019,2019-2020,11:00:00,Tuesday,1023,0,1,1,10,0,47.83,6,8,982.0
243,3,242,331,2019-10-06 00:00:00,2018-2019,13:45:00,Monday,100,0,0,0,8,1,,PK,12,
244,10243002084,243,62,2019-08-08 00:00:00,2019-2020,07:26:00,Thursday,150,0,0,0,8,0,25.0,KG,5,65.0
245,110003000182,244,219,2019-12-06 00:00:00,2018-2019,16:20:00,Wednesday,379,0,0,0,10,0,29.5,PK,5,
246,63583006130,245,212,10/22/2019,2019-2020,09:00:00,Tuesday,257,0,1,1,8,0,19.08,11,12,139.0
247,240009000236,246,242,2019-11-11 00:00:00,2019-2020,14:00:00,Monday,343,0,1,1,8,0,20.0,9,12,343.0
248,64251006961,247,126,11/14/2019,2019-2020,07:38:00,Thursday,2441,2,3,5,4,0,93.98,9,12,406.0
249,551578002025,248,340,2019-02-12 00:00:00,2019-2020,09:00:00,Monday,946,0,1,1,8,1,73.3,9,12,395.0
250,551119001496,249,357,2019-03-12 00:00:00,2019-2020,09:00:00,Tuesday,1702,0,1,1,8,1,116.1,9,12,435.0
251,10117000429,250,129,2019-10-12 00:00:00,2019-2020,08:20:00,Tuesday,1036,0,0,0,8,0,64.5,9,12,586.0
252,864049,251,288,2019-10-12 00:00:00,2019-2020,12:45:00,Tuesday,219,0,0,0,8,0,11.5,PK,8,
253,230704,252,303,12/16/2019,2019-2020,09:00:00,Monday,292,0,0,0,8,0,13.0,PK,8,
254,482364002397,253,30,1/14/2020,2019-2020,16:00:00,Tuesday,3487,1,0,1,1,0,203.32,9,12,1665.0
255,62922009598,254,120,1/23/2020,2019-2020,11:30:00,Thursday,698,0,1,1,4,0,32.0,KG,12,374.0
256,490087000524,255,293,2/13/2020,2019-2020,15:00:00,Thursday,2703,0,0,0,8,0,111.84,7,12,1483.0
257,60285000207,256,206,2/19/2020,2019-2020,09:30:00,Wednesday,2061,0,0,0,8,0,87.84,9,12,1460.0
258,350011700891,257,139,2/21/2020,2019-2020,11:00:00,Friday,203,0,0,0,10,0,11.36,9,12,203.0
259,A1592044,258,7,2020-05-03 00:00:00,2019-2020,12:00:00,Thursday,651,0,1,1,1,0,46.0,PK,12,
260,120048000691,259,47,2020-09-10 00:00:00,2020-2021,14:00:00,Friday,1383,0,1,1,1,0,68.0,9,12,884.0
261,370042000124,260,124,11/13/2020,2020-2021,14:00:00,Friday,594,0,1,1,1,0,40.0,PK,5,495.0
262,370210000929,261,154,11/24/2020,2020-2021,07:45:00,Tuesday,561,0,1,1,1,0,41.0,6,8,254.0
263,51393001212,262,121,2021-01-03 00:00:00,2020-2021,09:55:00,Monday,615,1,0,1,8,0,43.53,7,9,488.0
264,450156000305,263,131,2021-08-03 00:00:00,2020-2021,13:30:00,Monday,503,0,1,1,8,0,36.0,PK,5,503.0
265,470222000767,264,168,2021-12-04 00:00:00,2020-2021,15:15:00,Monday,728,0,1,1,1,1,59.3,9,12,472.0
266,10297001160,265,65,2021-01-04 00:00:00,2020-2021,13:00:00,Thursday,777,0,0,0,8,0,39.0,7,12,662.0
267,363033004076,266,349,2021-01-03 00:00:00,2020-2021,09:40:00,Monday,693,0,1,1,8,0,67.09,5,8,268.0
268,5,283,304,2021-04-03 00:00:00,2020-2021,08:10:00,Thursday,520,0,0,0,10,0,,,,
269,1060127,268,265,2021-09-03 00:00:00,2020-2021,08:50:00,Tuesday,679,0,0,0,10,0,47.3,9,12,
270,273178001333,269,364,4/26/2021,2020-2021,08:44:00,Monday,1001,0,0,0,4,0,36.5,6,8,397.0
271,100162000141,270,237,4/27/2021,2020-2021,10:25:00,Tuesday,984,1,0,1,8,0,64.0,7,8,
272,360106506342,271,286,4/29/2021,2020-2021,14:45:00,Thursday,313,1,0,1,8,0,24.0,10,12,268.0
273,180567001032,272,263,4/30/2021,2020-2021,13:00:00,Friday,672,0,1,1,8,0,34.0,1,6,393.0
274,450237000601,273,125,2021-05-05 00:00:00,2020-2021,08:00:00,Wednesday,272,0,0,0,5,0,20.0,9,12,144.0
275,160157001061,274,356,2021-06-05 00:00:00,2020-2021,09:00:00,Thursday,1541,0,3,3,4,0,76.82,6,8,508.0
276,482364013022,275,33,2021-09-06 00:00:00,2020-2021,10:30:00,Wednesday,976,0,1,1,8,0,58.28,9,12,931.0
277,280456001097,276,88,3/28/2018,2017-2018,14:40:00,Wednesday,472,0,0,0,4,0,26.59,6,12,313.0
278,261962005629,277,326,4/19/2018,2017-2018,13:44:00,Thursday,1139,0,0,0,10,0,56.04,9,12,693.0
279,130012001865,278,99,4/23/2018,2017-2018,13:00:00,Monday,1256,0,0,0,8,0,85.7,9,12,987.0
280,370297003363,279,147,9/24/2018,2018-2019,09:00:00,Monday,860,0,0,0,8,0,45.27,PK,5,857.0
281,272124004557,280,362,1/16/2019,2018-2019,12:30:00,Wednesday,382,0,0,0,10,0,49.28,9,12,276.0
282,63384005261,281,214,2019-03-04 00:00:00,2018-2019,13:45:00,Wednesday,370,0,0,0,10,0,12.5,KG,6,253.0
283,260111708862,282,343,4/17/2019,2018-2019,10:00:00,Wednesday,120,0,0,0,8,0,3.0,9,12,117.0
284,4,267,111,11/13/2019,2019-2020,09:00:00,Wednesday,1876,1,0,1,8,1,97.75,9,12,1802.0
285,540385,284,28,2021-06-08 00:00:00,2021-2022,13:00:00,Friday,660,0,1,1,8,0,35.0,PK,7,
286,130174002537,285,97,2021-12-08 00:00:00,2021-2022,15:00:00,Thursday,1362,0,1,1,8,1,88.5,9,12,1075.0
287,350006000118,286,141,8/13/2021,2021-2022,12:45:00,Friday,442,1,0,1,8,0,34.4,6,8,442.0
288,450391000873,287,85,8/18/2021,2021-2022,16:00:00,Wednesday,1016,0,3,3,8,0,57.0,9,12,1016.0
289,370333001384,288,123,8/30/2021,2021-2022,11:00:00,Monday,1529,0,1,1,8,0,95.53,9,12,1504.0
290,370150000623,289,174,2021-01-09 00:00:00,2021-2022,12:00:00,Wednesday,1491,1,0,1,8,0,81.76,9,12,595.0
291,470369001987,290,167,2021-07-09 00:00:00,2021-2022,15:30:00,Tuesday,1910,0,0,0,8,0,115.1,9,12,1150.0
292,261428008350,291,334,2021-08-09 00:00:00,2021-2022,14:30:00,Wednesday,360,0,0,0,8,0,6.48,9,12,262.0
293,510264001451,292,191,9/20/2021,2021-2022,11:39:00,Monday,1173,0,2,2,8,0,77.34,9,12,862.0
294,280315001222,293,66,9/30/2021,2021-2022,13:45:00,Thursday,787,0,1,1,1,0,60.0,PK,5,449.0
295,470014801043,294,143,9/30/2021,2021-2022,10:00:00,Thursday,495,0,1,1,8,0,29.3,PK,8,
296,480020910714,295,27,2021-01-10 00:00:00,2021-2022,11:45:00,Friday,1010,0,1,1,8,0,61.51,6,12,922.0
297,482892013423,296,70,2021-06-10 00:00:00,2021-2022,09:15:00,Wednesday,1900,0,4,4,8,0,11.22,9,11,120.0
298,170993001061,297,319,2021-12-10 00:00:00,2021-2022,15:15:00,Tuesday,599,0,2,2,4,0,47.0,9,12,576.0
299,50900000607,298,130,2021-12-10 00:00:00,2021-2022,11:27:00,Tuesday,2430,0,0,0,10,0,167.63,9,12,1188.0
300,170993000957,299,317,10/13/2021,2021-2022,08:38:00,Wednesday,176,0,0,0,8,0,10.0,KG,6,47.0
301,734676,300,54,10/26/2021,2021-2022,09:20:00,Tuesday,665,0,0,0,10,0,52.5,PK,12,
302,80234000064,301,257,11/19/2021,2021-2022,12:00:00,Friday,2091,0,3,3,8,1,107.93,9,12,1726.0
303,40633001882,302,81,11/29/2021,2021-2022,15:00:00,Monday,2590,0,1,1,8,0,123.4,9,12,1605.0
304,262724006338,303,339,11/30/2021,2021-2022,12:50:00,Tuesday,1872,4,7,11,4,0,81.8,9,12,451.0
305,350006000063,304,140,4/25/2018,2017-2018,14:30:00,Wednesday,1163,0,1,1,8,0,80.19,9,12,1161.0
306,362376003307,305,313,11/15/2021,2021-2022,15:15:00,Monday,1153,0,0,0,8,0,102.83,9,12,865.0
307,360009002194,306,294,11/16/2021,2021-2022,14:15:00,Tuesday,263,0,0,0,10,0,25.0,PK,5,258.0
308,173897003955,307,311,11/24/2021,2021-2022,15:00:00,Wednesday,1569,0,0,0,8,0,116.0,9,12,992.0
309,483432003843,308,29,2021-01-12 00:00:00,2021-2022,23:00:00,Wednesday,2724,0,0,0,8,0,175.78,9,12,2210.0
310,360108506376,309,291,2021-09-12 00:00:00,2021-2022,09:30:00,Thursday,299,0,0,0,10,0,20.0,6,9,256.0
311,370405002882,310,158,2021-09-12 00:00:00,2021-2022,14:00:00,Thursday,1245,0,0,0,1,0,71.24,9,12,461.0
312,370297001285,311,152,12/13/2021,2021-2022,14:15:00,Monday,1376,0,0,0,8,0,90.6,9,12,1372.0
313,450336000951,312,112,12/16/2021,2021-2022,15:00:00,Thursday,510,0,0,0,8,0,50.0,9,12,510.0
314,173451003599,313,328,2022-04-01 00:00:00,2021-2022,13:10:00,Tuesday,1807,0,2,2,8,0,101.1,9,12,1105.0
315,120171001872,314,20,1/19/2022,2021-2022,12:00:00,Wednesday,4062,0,1,1,8,0,149.07,9,12,2032.0
316,240048000808,315,233,1/21/2022,2021-2022,13:00:00,Friday,1697,0,1,1,8,0,101.8,9,12,545.0
317,421917006047,316,281,1/19/2022,2021-2022,13:45:00,Wednesday,105,1,0,1,8,0,22.63,3,12,86.0
318,201014000040,317,222,2022-04-03 00:00:00,2021-2022,10:30:00,Friday,1957,0,2,2,8,0,117.3,9,12,482.0
319,190897000528,318,309,2022-07-03 00:00:00,2021-2022,15:00:00,Monday,2204,1,2,3,4,0,97.1,9,12,1815.0
320,120039007984,319,5,2022-09-03 00:00:00,2021-2022,13:30:00,Wednesday,335,0,3,3,4,0,6.0,9,12,140.0
321,450231001254,320,134,3/31/2022,2021-2022,12:26:00,Thursday,868,1,0,1,8,0,45.0,6,8,868.0
322,420930007612,321,325,2022-05-04 00:00:00,2021-2022,09:20:00,Tuesday,2267,0,1,1,8,0,153.25,9,12,2264.0
323,270002502871,322,361,2022-01-02 00:00:00,2021-2022,12:07:00,Tuesday,71,1,1,2,8,0,8.2,PK,12,47.0
324,80615001357,323,210,2/22/2022,2021-2022,15:30:00,Tuesday,536,1,0,1,8,0,26.0,6,8,319.0
325,63255005018,324,205,2022-11-03 00:00:00,2021-2022,,Friday,1380,0,1,1,8,0,62.89,9,12,1063.0
326,531011001690,325,372,3/15/2022,2021-2022,15:00:00,Tuesday,1908,1,0,1,8,0,97.97,9,12,1333.0
327,484372004970,326,23,5/24/2022,2021-2022,11:33:00,Tuesday,538,21,12,33,4,0,34.53,3,4,438.0
328,170993000709,327,324,5/17/2022,2021-2022,10:00:00,Tuesday,1536,0,1,1,1,0,91.0,PK,8,865.0
329,510313001319,328,216,3/22/2022,2021-2022,11:00:00,Thursday,1371,0,0,0,4,0,82.67,6,7,
332,390483303211,329,298,2022-05-04 00:00:00,2021-2022,10:00:00,Thursday,219,0,0,0,5,0,18.46,7,12,
333,280360000691,330,76,3/31/2022,2021-2022,09:00:00,Thursday,470,0,0,0,1,0,36.2,PK,6,470.0
334,50002600867,331,122,2022-11-04 00:00:00,2021-2022,14:45:00,Monday,892,0,0,0,10,1,58.17,9,12,892.0
335,362010001839,332,296,2022-08-02 00:00:00,2021-2022,14:00:00,Tuesday,1302,0,0,0,10,0,79.74,9,12,
336,130123000473,333,87,2/28/2022,2021-2022,,Monday,1383,0,0,0,10,0,75.3,9,12,1286.0
337,320006000114,334,176,3/29/2022,2021-2022,14:15:00,Tuesday,2732,0,2,0,8,0,103.0,9,12,2732.0
338,262540000932,335,371,4/26/2022,2021-2022,13:30:00,Tuesday,753,0,0,0,5,0,50.95,KG,8,264.0
339,380004600461,336,370,3/21/2022,2021-2022,,Wednesday,98,1,0,1,8,0,15.5,7,12,43.0
340,253426,337,226,4/22/2022,2021-2022,15:18:00,Friday,300,0,4,4,4,0,,,,
342,483042003425,338,56,5/17/2022,2021-2022,11:20:00,Monday,531,0,0,0,10,0,42.8,9,12,431.0
343,120150002783,339,12,5/13/2022,2021-2022,11:58:00,Friday,1363,1,0,0,8,0,65.0,9,12,327.0
344,482364002562,340,31,2022-12-05 00:00:00,2021-2022,13:15:00,Thursday,2450,0,1,1,8,0,123.15,9,12,1613.0
345,64074006734,341,207,7/20/2022,2022-2023,09:25:00,Wednesday,135,0,0,0,10,0,7.12,9,12,93.0
347,10162000565,342,107,2022-09-06 00:00:00,2022-2023,09:30:00,Thursday,203,1,1,2,8,0,13.46,PK,5,252.0
348,62271003052,343,118,2022-01-06 00:00:00,2021-2022,15:25:00,Wednesday,1886,0,1,2,8,0,94.35,9,12,2609.0
349,62805004278,344,200,8/29/2022,2022-2023,13:30:00,Monday,754,0,1,1,1,0,45.3,6,12,694.0
350,240009000280,345,241,2022-02-09 00:00:00,2022-2023,15:00:00,Friday,1785,1,0,1,8,0,105.5,9,12,1187.0
351,120129008739,346,13,9/19/2022,2022-2023,,Monday,1030,0,0,0,1,0,67.0,KG,12,153.0
352,271878000880,347,360,9/20/2022,2022-2023,12:00:00,Tuesday,1243,0,0,0,7,0,55.56,9,12,259.0
353,62805007326,348,203,9/28/2022,2022-2023,12:45:00,Wednesday,294,0,6,6,4,0,17.8,9,12,255.0
354,250279000261,349,329,2022-04-10 00:00:00,2022-2023,09:30:00,Tuesday,390,0,1,1,8,0,34.89,9,12,
355,550960002700,350,346,2022-10-10 00:00:00,2022-2023,15:30:00,Monday,699,0,1,1,10,0,41.8,9,12,699.0
356,292928002013,351,215,10/24/2022,2022-2023,09:10:00,Monday,380,2,7,9,4,0,26.45,9,12,377.0
357,530771001187,352,380,2022-08-11 00:00:00,2022-2023,,Tuesday,1483,1,0,1,8,0,72.41,9,12,186.0
358,170492000182,353,255,2022-11-11 00:00:00,2022-2023,13:26:00,Tuesday,606,0,2,2,8,0,36.32,PK,4,
359,181059001739,354,256,11/17/2022,2022-2023,09:30:00,Thursday,535,0,1,1,1,1,37.74,9,12,195.0
360,470014802565,355,136,2022-05-12 00:00:00,2022-2023,12:27:00,Monday,288,0,1,1,1,0,14.84,6,8,156.0
361,240051001164,356,221,2022-08-12 00:00:00,2022-2023,10:00:00,Thursday,2047,0,1,1,8,0,133.0,9,12,807.0
362,411004000958,357,368,2022-12-12 00:00:00,2022-2023,12:30:00,Monday,1625,0,1,1,8,0,80.56,9,12,148.0
363,510264001071,358,193,2023-06-01 00:00:00,2022-2023,14:00:00,Friday,586,0,1,1,8,0,31.0,KG,5,492.0
364,370472001860,359,159,2022-08-12 00:00:00,2022-2023,08:03:00,Thursday,1157,0,0,0,1,0,65.5,6,8,196.0
365,390438000590,360,276,2023-06-01 00:00:00,2022-2023,11:30:00,Thursday,630,0,0,0,10,0,44.0,9,10,
366,100023000209,361,254,2023-10-01 00:00:00,2022-2023,11:40:00,Monday,2270,0,0,0,1,0,128.0,9,12,
367,490036000764,362,287,1/26/2023,2022-2023,,Thursday,2764,0,0,0,8,0,102.81,9,12,1127.0
368,40963002775,363,72,1/30/2023,2022-2023,08:30:00,Monday,2158,0,2,2,10,0,83.7,9,12,1208.0
369,170010905367,364,283,2023-02-02 00:00:00,2022-2023,10:00:00,Thursday,143,0,0,0,8,0,6.7,6,10,60.0
370,401257000587,365,160,1/31/2023,2022-2023,,Tuesday,149,0,0,0,1,0,15.2,PK,5,130.0
371,362475006711,366,347,2023-05-01 00:00:00,2022-2023,,Thursday,1029,0,0,0,8,0,108.7,9,12,941.0
372,220027702434,367,38,2023-10-01 00:00:00,2022-2023,15:30:00,Tuesday,736,0,1,1,8,0,56.0,9,12,583.0
373,BB081130,368,230,1/24/2023,2022-2023,12:34:00,Tuesday,50,0,1,1,8,0,,9,12,
374,481620001203,369,171,2/13/2023,2022-2023,12:00:00,Monday,1735,1,0,1,1,0,128.91,PK,12,1162.0
375,360010306362,370,285,2/13/2023,2022-2023,12:35:00,Monday,594,0,0,0,10,0,54.14,PK,5,569.0
376,421917007412,371,280,2/14/2023,2022-2023,,Tuesday,679,0,4,4,10,0,63.7,6,12,676.0
377,480813000170,372,148,2023-06-03 00:00:00,2022-2023,14:00:00,Monday,1895,0,1,1,10,0,131.0,9,12,1499.0
378,480870000253,373,75,3/20/2023,2022-2023,06:55:00,Monday,2541,1,1,2,10,0,166.97,9,12,1820.0
379,80336000338,374,258,3/22/2023,2022-2023,09:55:00,Wednesday,2589,0,2,2,8,0,123.63,9,12,743.0
380,A0503352,375,173,3/27/2023,2022-2023,10:13:00,Monday,200,6,0,6,4,0,15.0,PK,6,
381,10009000011,376,94,3/22/2023,2022-2023,12:45:00,Wednesday,450,0,1,1,1,0,25.5,9,12,387.0
382,180660001162,377,312,3/24/2023,2022-2023,,Friday,1002,0,0,0,5,0,68.5,6,8,266.0
383,510324002081,378,196,4/27/2023,2022-2023,12:02:00,Thursday,1296,0,2,2,8,0,71.84,9,12,1116.0
384,470222000822,379,165,4/28/2023,2022-2023,09:20:00,Friday,1525,0,1,1,1,0,85.5,9,12,303.0
385,260019501104,380,341,2023-02-05 00:00:00,2022-2023,15:30:00,Tuesday,927,0,1,1,8,0,49.0,PK,12,787.0
386,421899007517,381,270,2023-08-05 00:00:00,2022-2023,11:30:00,Monday,406,0,0,0,1,0,41.37,KG,8,403.0
387,110003000008,382,225,5/17/2023,2022-2023,14:25:00,Wednesday,797,1,0,1,10,0,67.9,9,12,392.0
388,320006000029,383,177,2023-08-05 00:00:00,2022-2023,12:30:00,Monday,1051,0,1,1,1,0,,6,8,1051.0
389,421917006047,384,281,5/24/2023,2022-2023,07:30:00,Wednesday,106,1,0,1,8,0,22.63,3,12,88.0
390,600937,385,336,5/22/2023,2022-2023,,Monday,1446,0,0,0,1,0,176.3,6,12,
391,260021001494,386,335,2023-05-06 00:00:00,2022-2023,14:40:00,Monday,643,0,0,0,8,0,24.84,6,12,595.0
